﻿{
  "ProviderId": "Microsoft.VisualStudio.ConnectedService.Wcf",
  "Version": "15.0.40203.910",
  "GettingStartedDocument": {
    "Uri": "https://go.microsoft.com/fwlink/?linkid=858517"
  },
  "ExtendedData": {
    "inputs": [
      "http://localhost:60503/WeatherService.svc"
    ],
    "collectionTypes": [
      "System.Array",
      "System.Collections.Generic.Dictionary`2"
    ],
    "messageContract": true,
    "namespaceMappings": [
      "*, ServiceReference1"
    ],
    "references": [
      "Microsoft.Extensions.Configuration.Abstractions, {Microsoft.Extensions.Configuration.Abstractions, 3.1.9}",
      "Microsoft.Extensions.DependencyInjection, {Microsoft.Extensions.DependencyInjection, 3.1.9}",
      "Microsoft.Extensions.DependencyInjection.Abstractions, {Microsoft.Extensions.DependencyInjection.Abstractions, 3.1.9}",
      "Microsoft.Extensions.Primitives, {Microsoft.Extensions.Primitives, 3.1.9}",
      "System.Reflection.DispatchProxy, {System.Reflection.DispatchProxy, 4.5.0}",
      "System.Security.AccessControl, {System.Security.AccessControl, 4.5.0}",
      "System.Security.Cryptography.Xml, {System.Security.Cryptography.Xml, 4.5.0}",
      "System.Security.Permissions, {System.Security.Permissions, 4.5.0}",
      "System.Security.Principal.Windows, {System.Security.Principal.Windows, 4.5.0}",
      "System.ServiceModel, {System.ServiceModel.Primitives, 4.7.0}",
      "System.ServiceModel.Http, {System.ServiceModel.Http, 4.7.0}",
      "System.ServiceModel.Primitives, {System.ServiceModel.Primitives, 4.7.0}"
    ],
    "targetFramework": "netcoreapp3.1",
    "typeReuseMode": "All"
  }
}